izo,strata,zar_naz,ulice,misto,website,svp_pdf,svp_bing_found,svp_page
102317062,1,Základní škola,Školská 196,Budyně nad Ohří,www.zs.budyne.cz,,False,https://www.zs.budyne.cz/
102255202,1,Základní škola,Školní 84,Dolní Věstonice,zsvestonice.webnode.cz,,False,
102164614,1,Základní škola,Komenského 59,Sušice,zstgmasaryka.cz,,False,https://www.zstgmasaryka.cz/155-zs-tg-masaryka.html
2174341,1,Základní škola,Na městečku 69,Stříbrná Skalice,www.zsskalice.cz,,False,https://www.zsskalice.cz/
181128322,1,Základní škola,Dlouhá 713/34,Praha 1 - Staré Město,www.lvacademy.cz,,False,
102391131,1,Základní škola,č.p. 357,Archlebov,www.zsarchlebov.cz,,False,https://www.zsarchlebov.cz/skolni-vzdelavaci-programy/
102226971,1,Základní škola,Ke Křížku 190,Žehušice,www.zszehusice.cz,,False,
181095564,1,Základní škola,Na Okraji 1001/7,Ústí nad Labem,usti.erazim.cz,,False,
48004545,1,Základní škola,Školská 432/1,Karviná,www.zsskolska.eu,,False,https://www.zsskolska.eu/fotogalerie-druziny
102241058,1,Základní škola,Na Výběžku 118,Liberec,zsnavybezku.cz,,False,https://zsnavybezku.cz/skolni_dokumenty/
102931950,1,Základní škola,Dolní Bory 161,Bory,www.zsbory.cz,,False,https://www.zsbory.cz/dokumenty-zs/
102307938,1,Základní škola,Pod Kaštany 32,Lukov,www.zslukov.cz,https://www.zslukov.cz/media/files/page/item/files-7/svp_1_9_2023.pdf,True,
42962358,1,Základní škola,Loučská 237/1,Lipník nad Bečvou,www.slunicko.cz,,False,https://www.slunicko.cz/clanek?nazev=prvni-den-svp-&id=169
241806,1,Základní škola,Pražská 740,Velké Přílepy,zsvelkeprilepy.cz,,False,https://zsvelkeprilepy.cz/
181066289,1,Základní škola,Zagarolská 245,Nelahozeves,www.zsnelahozeves.cz,,False,
102320381,1,Základní škola,č.p. 250,Hněvotín,www.skolahnevotin.cz,,False,
102602085,1,Základní škola,č.p. 157,Křivoklát,zskrivoklat.cz,,False,https://zskrivoklat.cz/files/category/4/vp-ms.pdf
102004366,1,Základní škola,Sportovní 307,Koloveč,www.zskolovec.cz,,False,https://www.zskolovec.cz/
102088381,1,Základní škola,Sídliště 310,Hroznětín,www.zshroznetin.net,,False,https://www.zshroznetin.net/?mod=wm
102142556,1,Základní škola,Chrudimská 57,Prachovice,www.skolaprachovice.cz,,False,https://www.skolaprachovice.cz/
102254591,1,Základní škola,č.p. 71,Hořičky,www.skolahoricky.cz,,False,
108053806,1,Základní škola,Školní 234,Mirotice,www.zsmirotice.cz,,False,https://www.zsmirotice.cz/
49328085,1,Základní škola,Kostelní nám. 21/2,Moravská Třebová,zsukostela.cz,https://zsukostela.cz/wp-content/uploads/2022/08/SVP_2022-23.pdf,True,
102005494,1,Základní škola,Mírová 81,Mimoň,www.zsamsmirova.cz,,False,
102164452,1,Základní škola,č.p. 1,Kolinec,www.zskolinec.cz,https://zs-utery.com/wp-content/uploads/2024/01/SVP-ZV-2023.pdf,True,
181003422,1,Základní škola,Kleinerových 550/1,Hradec Králové,www.sion.cz,,False,https://www.sion.cz/zakladni-skola/wp-content/uploads/sites/9/2024/03/SVP-ZS-Sion-od-2023-web.pdf
102591318,1,Základní škola,č.p. 19,Bohuslavice,zsamsbohuslavice.cz,http://zsamsbohuslavice.cz/wp-content/uploads/2022/11/SVP_spolecna_cesta.pdf,True,
102564329,1,Základní škola,Americká 146,Třemošná,www.zstremosna.cz,,False,
102508208,1,Základní škola,Gebauerova 819/8,Ostrava,www.zsgebauerova.cz,,False,
110037707,1,Základní škola,Vančurova 83/2,Karlovy Vary,www.zsasskarlovyvary.cz,,False,https://www.zsasskarlovyvary.cz/praktickaskola/
2506505,1,Základní škola,č.p. 310,Jaroměřice,www.zsjaromerice.cz,,False,https://www.zsjaromerice.cz/
102320195,1,Základní škola,č.p. 48,Bouzov,www.zsbouzov.cz,,False,
181076462,1,Základní škola,Husova 376/3,Žďár nad Sázavou,skolanaradosti.cz,,False,https://skolanaradosti.cz/uredni-deska/
181053837,1,Základní škola,Terezy Novákové 1947/62a,Brno,www.skolaletokruh.cz,,False,
181091542,1,Základní škola,U Zvoničky 179,Světice,www.skolasvetice.cz,http://www.skolasvetice.cz/wp-content/uploads/2023/09/%C5%A0koln%C3%AD-vzd%C4%9Bl%C3%A1vac%C3%AD-program-Z%C5%A0-Sv%C4%9Btice-pro-7.-8.-ro%C4%8Dn%C3%ADk-z-roku-2021.pdf,True,https://www.skolasvetice.cz/
102264791,1,Základní škola,Komenského 154,Chlumčany,zschlumcany.cz,,False,http://www.zschlumcany.cz/files/svp/19-uprava9.pdf
102855421,1,Základní škola,č.p. 134,Loděnice,zslodenice.cz,https://zslodenice.cz/wp-content/uploads/2020/03/svp_pro_zv_skola_zdraveho_stylu_v.2_-_final.pdf,True,https://zslodenice.cz/
181087049,1,Základní škola,č.p. 34,Ratibořské Hory,www.mistrajana.cz,,False,http://www.mistrajana.cz/
110018141,1,Základní škola,Růžodolská 118/26,Liberec,www.sjak.cz,,False,https://www.sjak.cz/cs/index.php/zakladni-skola
102232954,1,Základní škola,č.p. 147,Bartošovice,zsbartosovice.cz,,False,http://zsbartosovice.cz/wp-content/uploads/2020/05/Prezentace-Nervova-soustava-zakladni.pdf
102142165,1,Základní škola,č.p. 90,Bojanov,www.zsbojanov.cz,,False,
181120097,1,Základní škola,Erno Košťála 870,Pardubice,www.zsdubina.cz,,False,https://www.zsdubina.cz/
47438312,1,Základní škola,F. B. Zvěřiny 221,Hrotovice,www.zshrotovice.cz,https://www.zshrotovice.cz/userfiles/file/%C5%A0KOLN%C3%8D%20ROK%202023-2024/%C5%A0VP%20pro%20z%C3%A1kladn%C3%AD%20%C5%A1kolu_2023_2024.pdf,True,https://www.zshrotovice.cz/dokumenty/
102391769,1,Základní škola,Hlavní 17,Vnorovy,www.zsvnorovy.cz,,False,https://www.zsvnorovy.cz/
102655651,1,Základní škola,č.p. 203,Vladislav,zsvladislav.cz,,False,
102465541,1,Základní škola,Teplická 793/13,Duchcov,www.zssochora.cz,,False,
102232750,1,Základní škola,č.p. 253,Sedlnice,www.zs-sedlnice.cz,,False,http://www.zs-sedlnice.cz/
108006018,1,Základní škola,Saskova 2080/34,Jablonec nad Nisou,www.zsab.cz,,False,
102768439,1,Základní škola,č.p. 544,Horní Bečva,zshornibecva.cz,,False,https://zshornibecva.cz/
181036746,1,Základní škola,Hlaváčova 191/6,Brno,www.montessori-perlicka.cz,,False,https://www.montessori-perlicka.cz/zakladni-skola/
181107261,1,Základní škola,Perunova 975/6,Praha 3 - Vinohrady,lobkovicovo.cz,,False,https://lobkovicovo.cz/
181054621,1,Základní škola,U Planetária 2969/1,Plzeň,www.montessori-plzen.cz,,False,https://www.montessori-plzen.cz/zakladni-skola/assets/pdf/SVP_pro_zajmove_vzdelavani.pdf
181103427,1,Základní škola,Poděbradská 489/116,Praha 9 - Hloubětín,skolavela.cz,,False,
102855773,1,Základní škola,Komenského 241,Šanov,www.zssanov.cz,,False,http://www.zssanov.cz/wp-content/uploads/Plan_EVVO-22_23.pdf
48004561,1,Základní škola,Majakovského 2219/13,Karviná,www.zs-majakovskeho.cz,,False,https://www.zs-majakovskeho.cz/kontakty/
102832625,1,Základní škola,Bílovecká 10/7,Ostrava,www.zssvinov.cz,,False,https://www.zssvinov.cz/wp-content/dokumenty/web23_24/V%C3%BDro%C4%8Dn%C3%AD%20zpr%C3%A1va%202022-2023.pdf
181012286,1,Základní škola,Školní 229,Dýšina,www.zsdysina.cz,,False,https://www.zsdysina.cz/e_download.php?file=data/editor/112cs_5.pdf&original=%C5%A0VP%20pro%20z%C3%A1jmov%C3%A9%20vzd%C4%9Bl%C3%A1v%C3%A1n%C3%AD%202022.pdf
102680272,1,Základní škola,č.p. 548,Libina,www.zslibina.cz,,False,https://www.zslibina.cz/
102002037,1,Základní škola,č.p. 49,Chotýšany,skolachotysany.cz,,False,https://www.skolachotysany.cz/cs/dokumenty-ke-stazeni
181129779,1,Základní škola,Dr. Stojana 375,Hulín,www.zshulin.cz,,False,https://www.zshulin.cz/
181128675,1,Základní škola,Pod Jelenicí 657,Česká Třebová,www.zsnarovine.eu,https://www.zsnarovine.eu/wp-content/uploads/2021/06/SVP-ZS-Na-rovine-v-Chrudimi.pdf,True,
102254974,1,Základní škola,Vodárenská 370,Jaroměř,www.zsjosefov.cz,,False,https://www.zsjosefov.cz/cz/vitejte/
102129614,1,Základní škola,Hlavní 57,Perštejn,www.zsperstejn.cz,,False,http://www.zsperstejn.cz/
110036271,1,Základní škola,Školní nám. 199/15,Tábor,www.skolabolzano.cz,,False,https://www.skolabolzano.cz/
60158859,1,Základní škola,Školní 227,Řečany nad Labem,www.zsrecany.cz,,False,https://www.zsrecany.cz/
102007721,1,Základní škola,č.p. 363,Ostrov u Macochy,www.zsostrovum.cz,https://www.zsostrovum.cz/e_download.php?file=data/editor/10csabove_3.pdf&original=SVP-dodatek-2.pdf,True,http://www.zsostrovum.cz/
114001570,1,Základní škola,č.p. 1,Klučenice,www.zsklucenice.cz,,False,
181076951,1,Základní škola,Lomená 158,Dobřichovice,www.skolakairos.cz,,False,https://www.skolakairos.cz/o-skole
102161879,1,Základní škola,Butovická 228/9,Praha 5 - Jinonice,www.waldorfjinonice.cz,https://www.waldorfjinonice.cz/download/IZ/2007029174.pdf,True,https://www.waldorfjinonice.cz/o-skole/charakteristiky-skoly/
102855412,1,Základní škola,č.p. 169,Kravsko,www.zskravsko.cz,http://www.zskravsko.cz/dokumenty/Dokumenty_skoly/svp_finalni_verze.pdf,True,http://www.zskravsko.cz/
102177228,1,Základní škola,č.p. 180,Jenišovice,www.zsjenisovice.cz,,False,
116701366,1,Základní škola,č.p. 191,Braňany,ms.zsamsbranany.cz,,False,
102608067,1,Základní škola,Školní 223,Hustopeče nad Bečvou,www.zshustopece.cz,,False,https://www.zshustopece.cz/
102129649,1,Základní škola,č.p. 29,Strupčice,strupcice.cz,,False,https://www.strupcice.cz/n_skola.html
181128292,1,Základní škola,č.ev. 906,Ostravice,skola.hnizdobeskydy.cz,,False,
102516987,1,Základní škola,Okružní 367,Bochov,www.zsbochov.cz,,False,https://www.zsbochov.cz/druzina/skolni-rok-2023-2024/cerven-v-sd-i/
102528527,1,Základní škola,nám. 1. máje 38,Černošín,www.zscernosin.cz,,False,http://www.zscernosin.cz/
102320535,1,Základní škola,č.p. 126,Náklo,www.zsnaklo.cz,,False,http://www.zsnaklo.cz/
102254681,1,Základní škola,Náměstí 320,Velké Poříčí,www.zsvporici.cz,,False,https://www.zsvporici.cz/skolni-druzina/
102592888,1,Základní škola,č.p. 2,Bělotín,zsbelotin.edupage.org,,False,https://zsbelotin.edupage.org/?eqa=d2lkPWhvbWVfTmV3c18yX3AmbmV3c2FyY2hpdmVmPSZvZmZzZXRfaG9tZV9OZXdzXzJfcD02MA%3D%3D
108053911,1,Základní škola,č.p. 238,Sepekov,www.zssepekov.cz,https://www.zssepekov.cz/e_download.php?file=data/uredni_deska/obsah31_1.pdf&original=svp.pdf,True,
102428441,1,Základní škola,Nová Plzeň 673,Rotava,zsms.rotava.cz,,False,
102464308,1,Základní škola,Kostelní 583,Tachov,www.zskostel.cz,,False,
150012250,1,Základní škola,č.p. 220,Štoky,zsmsstoky.cz,,False,http://zsmsstoky.cz/
107722445,1,Základní škola,Libušina 164,Bechyně,www.zslibusina.cz,https://www.zslibusina.cz/www/zslibusina/fs/svp-zs-frantiska-krizika-bechyne-2023.pdf,True,https://www.zslibusina.cz/skola/dokumenty-skoly/
102328587,1,Základní škola,č.p. 145,Všeruby,www.zsmsvseruby.cz,,False,https://www.zsmsvseruby.cz/
107720477,1,Základní škola,č.p. 13,Strýčice,www.zsstrycice.cz,,False,https://www.zsstrycice.cz/dokumenty/dokumenty-zs/skolni-vzdelavaci-program/
102608491,1,Základní škola,č.p. 187,Střítež nad Ludinou,skola.striteznl.cz,,False,
102931534,1,Základní škola,č.p. 11,Nížkov,zs.nizkov.cz,,False,https://zs.nizkov.cz/file.php?nid=16265&oid=10234711
181088118,1,Základní škola,Školní náměstí 700/1,Přezletice,www.zs-panskapole.cz,,False,
108037738,1,Základní škola,Koněvova 34,Krupka,www.bgbzs.cz,,False,https://www.bgbzs.cz/domu/o-skole
102832676,1,Základní škola,Ľudovíta Štúra 1085/8,Ostrava,waldorfostravaporuba.cz,,False,http://waldorfostravaporuba.cz/
102168326,1,Základní škola,č.p. 186,Petrovice u Karviné,www.zspetroviceuk.cz,,False,
102455171,1,Základní škola,Jungmannova 3298/6,Jihlava,www.jungzs.cz,https://www.jungzs.cz/userfiles/file/skola/dokumenty/22_Skolni-vzdelavaci-program-lmp.pdf,True,https://www.jungzs.cz/dokumenty-skola/
181069636,1,Základní škola,Petra Bezruče 3087,Kladno,www.donumfelix.cz,https://www.donumfelix.cz/wp-content/uploads/2022/09/Skolni-vzdelavaci-program-2022.pdf,True,https://www.donumfelix.cz/skola/dokumenty-skoly/
102432601,1,Základní škola,Školní 530/13,Píšť,www.skolapist.cz,,False,https://www.skolapist.cz/cs/zakladni-skola/skola/dokumenty-ke-stazeni/a-221/
102004382,1,Základní škola,č.p. 93,Mrákov,www.zsmrakov.cz,,False,
102391432,1,Základní škola,č.p. 199,Lipov,www.zslipov.cz,,False,https://www.zslipov.cz/e_download.php?file=data/editor/145cs_2.pdf&original=%C5%A0VP%20%C5%A0D%20od%2011.9.2023.pdf
102391521,1,Základní škola,č.p. 222,Nenkovice,zs-nenkovice.cz,https://www.zs-nenkovice.cz/wp-content/uploads/2020/08/%C5%A0koln%C3%AD-vd%C4%9Bl%C3%A1vac%C3%AD-program-2012-1.pdf,True,
181128586,1,Základní škola,Víta Nejedlého 573/4,Hradec Králové,hucak.cz,,False,http://hucak.cz/wp-content/uploads/2019/09/%C5%A0VP-s-2.stupn%C4%9Bm-2019.pdf
102190968,1,Základní škola,Školní 315,Ostroměř,www.zsostromer.cz,,False,
181087090,1,Základní škola,Mánesova 2630/3b,Říčany,www.magic-hill.cz,http://www.skolasvetice.cz/wp-content/uploads/2023/09/%C5%A0koln%C3%AD-vzd%C4%9Bl%C3%A1vac%C3%AD-program-Z%C5%A0-Sv%C4%9Btice-pro-7.-8.-ro%C4%8Dn%C3%ADk-z-roku-2021.pdf,True,
181137488,1,Základní škola,U průhonu 139/17a,Praha 7 - Holešovice,www.praha7.cz,,False,https://www.praha7.cz/prehled-zakladnich-skol-prahy-7/
102391831,1,Základní škola,č.p. 37,Žeravice,www.zs-zeravice.cz,https://www.zs-zeravice.cz/files/dokumenty/skolni-vzdelavaci-program.pdf,True,https://www.zs-zeravice.cz/materska-skola
102255181,1,Základní škola,Školní 194,Březí,www.zsbrezi.cz,,False,
102156913,1,Základní škola,Kapitána Jasioka 685/57,Havířov,www.zsjasioka-havirov.cz,,False,https://www.zsjasioka-havirov.cz/dokumenty
102578672,1,Základní škola,č.p. 171,Radvanice,www.zsradvanice.cz,,False,
102255857,1,Základní škola,Školní 402,Zaječí,www.zszajeci.cz,https://www.zszajeci.cz/wp-content/uploads/2020/10/%C5%A0VP1.9.2020.pdf,True,https://www.zszajeci.cz/
102006296,1,Základní škola,č.p. 66,Lípa,www.zslipa.cz,,False,https://www.zslipa.cz/zakladni-skola/zamestnanci-a-kontakty
181110954,1,Základní škola,třída T. G. Masaryka 1474,Roudnice nad Labem,skola8.cz,,False,
102508500,1,Základní škola,Trnkovecká 867/55,Ostrava,zsvrchlickeho.cz,,False,
102254991,1,Základní škola,č.p. 104,Chvalkovice,www.zschvalkovice.cz,https://www.skolajj.cz/wp-content/uploads/2021/09/svp-zss-konecny.pdf,True,http://www.zschvalkovice.cz/cz/ke-stazeni/dokumenty-skoly/
102642940,1,Základní škola,č.p. 341,Červená Voda,www.cvvoda.cz,https://www.cvvoda.cz/cms/files/1/246-svp-nase-skola-k-1.pdf,True,https://www.cvvoda.cz/zakladni-skola/zakladni-udaje
102066841,1,Základní škola,Petra Jilemnického 420/6,Hradec Králové,www.zsplotiste.cz,https://www.zsplotiste.cz/wp-content/uploads/2024/04/SVP-2023-od-1.9.pdf,True,https://www.zsplotiste.cz/?page_id=197
102068887,1,Základní škola,č.p. 184,Písek,zsamspisek.edupage.org,,False,https://zsamspisek.edupage.org/teachers/?eqa=d2lkPXRlYWNoZXJzX1BhZ2luYXRvcl8xJm9mZnNldF90ZWFjaGVyc19QYWdpbmF0b3JfMT0yMA%3D%3D
102517487,1,Základní škola,5. května 233/14,Povrly,zspovrly.cz,,False,https://data.zspovrly.cz/skolni-vzdelavaci-program/
102177198,1,Základní škola,č.p. 374,Janov nad Nisou,zsjanovjbc.edupage.org,,False,
181017199,1,Základní škola,Revoluční 213,Rovensko pod Troskami,zsrovensko.cz,,False,https://www.zsrovensko.cz/
102443963,1,Základní škola,Polenská 162/4,Dobronín,www.skola-dobronin.cz,,False,https://www.skola-dobronin.cz/
102391343,1,Základní škola,č.p. 594,Hovorany,www.zshovorany.cz,,False,
181044498,1,Základní škola,Pod Radnicí 152/3,Praha 5 - Košíře,www.podradnici.cz,,False,
102319413,1,Základní škola,č.p. 246,Vlachovice,zs.vlachovice.cz,https://zs.vlachovice.cz/e_download.php?file=data/editor/43cs_2.pdf&original=1.9.%202017%20%C5%A0VP%20ZV%20Dobr%C3%A1%20%C5%A1kola%20d%C4%9Bti%20bav%C3%AD.pdf,True,https://zs.vlachovice.cz/e_download.php?file=data/editor/21cs_2.pdf&original=SVP+-+SKOLNI+DRUZINA+Vlachovice.pdf
102002312,1,Základní škola,č.p. 267,Chocerady,www.zsmschocerady.cz,,False,
107720361,1,Základní škola,č.p. 153,Dříteň,www.zsmsdriten.cz,,False,https://www.zsmsdriten.cz/zakladni-skola
102241121,1,Základní škola,Tylova 694,Nové Město pod Smrkem,www.zsnmps.cz,,False,
102432511,1,Základní škola,Mírová 492/35,Opava,zstgmopava.cz,,False,https://www.zstgmopava.cz/
181087120,1,Základní škola,Podsrp 30,Strakonice,skolavolynka.cz,,False,
114001545,1,Základní škola,č.p. 141,Kamýk nad Vltavou,www.zsmskamyknv.cz,,False,
102374881,1,Základní škola,č.p. 112,Přerov nad Labem,www.skolaprerovnl.cz,,False,https://www.skolaprerovnl.cz/zakladni-skola/personalni-obsazeni/
181042169,1,Základní škola,Tři Vršky 532,Králův Dvůr,www.b-english.cz,,False,
102602131,1,Základní škola,č.p. 171,Mšec,www.skolabezhranic.cz,https://www.skolabezhranic.cz/Skolni%20vzdelavaci%20program%20pro%20zakladni%20vzdelavani%20Zakladni%20skoly%20Bez%20hranic.pdf,True,https://www.skolabezhranic.cz/msec/wp-content/uploads/2020/03/%C5%A0KOLN%C3%8D-VZD%C4%9AL%C3%81VAC%C3%8D-PROGRAM-%C5%A0D-M%C5%A0EC.pdf
102516634,1,Základní škola,Pohraniční stráže 95,Velká Hleďsebe,zsvh.cz,,False,
181099730,1,Základní škola,Dědina 5,Ostrožská Nová Ves,nadedine.cz,,False,https://nadedine.cz/kombinovana-vyuka/
49328298,1,Základní škola,Sokolovská 1638/1,Svitavy,www.zs5.svitavy.cz,,False,
102065136,1,Základní škola,č.p. 280,Chřibská,www.zs-chribska.cz,,False,https://www.zs-chribska.cz/zakladni-informace
102655405,1,Základní škola,č.p. 115,Domamil,www.skoladomamil.cz,,False,https://www.skoladomamil.cz/zakladni-skola
181096358,1,Základní škola,Sklářská 81,Litvínov,www.skolajerabinka.cz,,False,https://www.skolajerabinka.cz/
181095416,1,Základní škola,Pilská 9,Praha 9 - Hostavice,www.beopen.cz,,False,
102002126,1,Základní škola,Táborská 170,Louňovice pod Blaníkem,www.zsamslounovice.cz,,False,https://www.zsamslounovice.cz/kontakty/
102520674,1,Základní škola,Na Vizině 1034/28,Ostrava,www.zsvizina.com,,False,https://www.zsvizina.com/zakladni-skola/
102002258,1,Základní škola,Na Lázni 335,Čechtice,www.zscechtice.cz,,False,
102416940,1,Základní škola,Nádražní 683,Horní Slavkov,zsnadraznihornislavkov.cz,,False,
102328404,1,Základní škola,č.p. 12,Manětín,www.zsmanetin.cz,,False,https://www.zsmanetin.cz/skola/dokumenty-ke-stazeni-1/
102608466,1,Základní škola,č.p. 198,Soběchleby,zssobechleby.cz,,False,https://www.zssobechleby.cz/stranka-skola-zakladni-informace-14
102232920,1,Základní škola,Školní 20,Šenov u Nového Jičína,www.zssenov.cz,,False,https://www.zssenov.cz/ZAKLADNI_SKOLA/charakteristika.php
49123718,1,Základní škola,Karlovarská 181,Lubenec,www.zslubenec.cz,,False,http://www.zslubenec.cz/
102078181,1,Základní škola,Dr. Vojtěcha 100,Skřivany,www.zsskrivany.cz,,False,http://www.zsskrivany.cz/
102428093,1,Základní škola,č.p. 22,Krajková,www.skola-krajkova.cz,,False,https://www.skola-krajkova.cz/files/181/ostatni/strategie-predchazeni-skolni-neuspesnosti.pdf
102177457,1,Základní škola,č.p. 264,Zásada,www.mzszasada.cz,,False,
102565279,1,Základní škola,Karla Čapka 270,Krupka,zspskrupka.cz,,False,http://zspskrupka.cz/
102206414,1,Základní škola,Revoluční 355,Stará Paka,www.zsstarapaka.cz,,False,https://www.zsstarapaka.cz/uvod.htm
107722666,1,Základní škola,č.p. 232,Malšice,www.zsmalsice.cz,https://www.zsmalsice.cz/files/editor/5/dokumenty-formulare/SVP-ZS-Malsice-platny-od-09-22-1-.pdf,True,https://www.zsmalsice.cz/files/editor/5/skolni-vzdelavaci-program.pdf
107721236,1,Základní škola,č.p. 35,Staré Hobzí,www.skolahobzi.cz,,False,https://www.skolahobzi.cz/
102654085,1,Základní škola,č.p. 149,Tatenice,www.zsmstatenice.cz,,False,https://www.zsmstatenice.cz/userfiles/file/zakladni-skola/dokumenty/skolni-vzdelavaci-program/Dodatek-c.-5-k-SVP.pdf
47463996,1,Základní škola,Komenského 151,Úpice,zsbcupice.cz,,False,https://zsbcupice.cz/pro-zaky/moodle-navody/
47658274,1,Základní škola,č.p. 188,Loučka,www.zsloucka.cz,https://www.zsloucka.cz/e_download.php?file=data/editor/124csabove_3.pdf&original=%C5%A0koln%C3%AD%20vzd%C4%9Bl%C3%A1vac%C3%AD%20program%202022.pdf,True,https://www.zsloucka.cz/e_download.php?file=data/editor/136cs_2.pdf&original=Ekosyst%C3%A9m%20rybn%C3%ADk.pdf
102519528,1,Základní škola,č.p. 191,Kostelec u Holešova,www.zs-kostelec.cz,,False,https://www.zs-kostelec.cz/
181107414,1,Základní škola,Trojská 218/92,Praha 7 - Troja,www.skolatroja.cz,,False,
102008531,2,Základní škola,Dvořákův okruh 60/2,Krnov,z1k.cz,,False,https://z1k.cz/
102080313,2,Základní škola,č.p. 848,Bystřice,zs-bystrice.cz,,False,http://zs-bystrice.cz/dokumenty/svp_kompletni.pdf
102680221,2,Základní škola,Makarenkova 414,Česká Ves,zsceskaves.cz,,False,https://zsceskaves.cz/cz/dokumenty-skoly/k3771-skolni-vzdelavaci-program/
47464143,2,Základní škola,Maxima Gorkého 38,Trutnov,www.zskptjarose.cz,,False,http://www.zskptjarose.cz/attachments/article/274/SVP_skola_zakladni_text.pdf
102129304,2,Základní škola,Kadaňská 2334/2,Chomutov,www.4zscv.cz,https://www.4zscv.cz/wp-content/uploads/2022/08/SVP-od-1.-zari-2022.pdf,True,https://www.4zscv.cz/
102438056,2,Základní škola,Pražská 800,Jirny,www.zs-jirny.cz,,False,https://www.zs-jirny.cz/old/www.zs-jirny.cz/nase-vzdelavaci-cile/index.html
102053928,2,Základní škola,Vrchlického 630/5,Děčín,zsvrch.cz,,False,
45211761,2,Základní škola,Bezručova 293,Rožnov pod Radhoštěm,zspodskalkou.cz,,False,https://zspodskalkou.cz/skola/kontakty-na-pedagogy
181046032,2,Základní škola,Jánošíkova 1300/6,Praha 4 - Krč,www.zsukrcskeholesa.cz,,False,https://www.zsukrcskeholesa.cz/o-skole/kontakt/
107720213,2,Základní škola,Petra z Lindy 13,Borovany,www.zsborovany.cz,,False,https://www.zsborovany.cz/skolni-jidelna/?ftresult=2024
45211582,2,Základní škola,č.p. 500,Zašová,www.zszasova.cz,https://www.zszasova.cz/wp-content/uploads/2022/04/SVP-ZS-Zasova-2017.pdf,True,https://www.zszasova.cz/zakladni-informace-2/
102508569,2,Základní škola,Provaznická 831/64,Ostrava,www.zsprovaznicka.cz,,False,
102591172,2,Základní škola,Palackého 152/14,Prostějov,www.zspal.cz,,False,
108020207,2,Základní škola,Moravská 497/29,Havířov,www.zsmoravska.cz,,False,http://www.zsmoravska.cz/
102517282,2,Základní škola,Husova 349/19,Ústí nad Labem,www.zsazus-husova.cz,,False,
102241015,2,Základní škola,U Školy 222/6,Liberec,www.zsuskoly.cz,,False,http://www.zsuskoly.cz/dokumenty-skoly/skolni-rad:zasady-hodnoceni-a-klasifikace/
60990406,2,Základní škola,Jasenická 1544,Vsetín,www.skolaluh.cz,,False,https://www.skolaluh.cz/
102320896,2,Základní škola,Navrátilova 321,Velký Újezd,www.skolavelkyujezd.cz,,False,
2050765,2,Základní škola,sady Sv. Čecha 44,Liteň,zsliten.cz,,False,https://zsliten.cz/wp-content/uploads/2021/10/Celorocni-plan-prace-SD.pdf
107721589,2,Základní škola,Komenského sady 387,Počátky,www.zspocatky.cz,https://www.zspocatky.cz/userfiles/file/skolni-vzdelavaci-program-pro-zakladni-vzdelavani-skola-zaklad-pro-zivot-202324_20231012222632.pdf,True,https://www.zspocatky.cz/84/skola.html
102317127,2,Základní škola,Na Valech 582/53,Litoměřice,skolanavalech.cz,,False,
102101388,2,Základní škola,Křesomyslova 724/2,Praha 4 - Nusle,www.zskresomyslova.cz,,False,https://www.zskresomyslova.cz/skolni-druzina/
102156701,2,Základní škola,Ostravská 1710,Český Těšín,zshrabina.cz,,False,
102006695,2,Základní škola,Lánecká 699,Světlá nad Sázavou,www.zslanecka.cz,,False,https://www.zslanecka.cz/
102129509,2,Základní škola,Chomutovská 1683,Kadaň,3zskadan.cz,,False,https://3zskadan.cz/wp-content/uploads/SVPaUcebniPlany2021.pdf
102080127,2,Základní škola,č.p. 137,Baška,www.skolabaska.cz,,False,https://www.skolabaska.cz/wp-content/uploads/2020/09/pravidla-hodnoceni_2020-2021_final.pdf
102080992,2,Základní škola,č.p. 345,Návsí,www.zsnavsi.cz,,False,https://www.zsnavsi.cz/
48512524,2,Základní škola,Holzova 1461/1,Brno,zsholzova.cz,,False,https://zsholzova.cz/cz/ke-stazeni
102807388,2,Základní škola,č.p. 109,Drnovice,www.skoladrnovice.cz,,False,https://www.skoladrnovice.cz/priloha-svp-skolni-vzdelavaci-program-sd/d-1553/p1=1756
102007756,2,Základní škola,č.p. 200,Sloup,zssloup.net,https://www.zssloup.net/dokumenty/svp_cast_1.pdf,True,http://www.zssloup.net/dokumenty/svp_cast_1.pdf
582719,2,Základní škola,Blatské sídliště 23,Veselí nad Lužnicí,1zs-veseli.edupage.org,,False,https://1zs-veseli.edupage.org/
62156837,2,Základní škola,náměstí Svornosti 2571/7,Brno,www.zsnsvor.cz,,False,https://www.zsnsvor.cz/o-skole
102743266,2,Základní škola,Na Výsluní 2047,Uherský Brod,www.zsvysluni.cz,,False,https://www.zsvysluni.cz/zakladni-skola/
102092001,2,Základní škola,č.p. 120,Hnojník,www.zshnojnik.com,,False,https://www.zshnojnik.com/skola/organizacni-struktura/pedagogove/
102718814,2,Základní škola,Jizerská 564,Semily,zsriegra.cz,,False,
102317330,2,Základní škola,Paříkovo nám. 133,Třebenice,www.zstrebenice.cz,,False,
107721198,2,Základní škola,Hradecká 390,Nová Bystřice,zsnovabystrice.edupage.org,,False,https://zsnovabystrice.edupage.org/
49753363,2,Základní škola,Myslbekova 996,Ostrov,www.zsamsostrov.net,,False,https://www.zsamsostrov.net/
102145695,2,Základní škola,Šluknovská 2904,Česká Lípa,www.zslada.cz,,False,
102005290,2,Základní škola,Partyzánská 1053/55,Česká Lípa,www.zspartyzanska.cz,,False,http://www.zspartyzanska.cz/
48513245,2,Základní škola,Chalabalova 575/2,Brno,www.chalabalova.cz,,False,https://www.chalabalova.cz/
108047661,2,Základní škola,Poděbradova 79,Polná,www.zs-polna.cz,,False,https://www.zs-polna.cz/
102274886,2,Základní škola,nám. Komenského 288,Kostelec nad Labem,www.zstskostelec.cz,,False,https://www.zstskostelec.cz/o-skole/fotogalerie/skolni-rok-2022-2023/svp-harrachov-5-92023-2bc-5ab-28cs.html
14618575,2,Základní škola,Struhlovsko 1795,Hranice,www.zsstruhlovsko.cz,,False,http://www.zsstruhlovsko.cz/
102301433,2,Základní škola,Mýtní 73,Praha 9 - Běchovice,www.zsbechovice.cz,,False,https://www.zsbechovice.cz/
102406073,2,Základní škola,Dobrušská 81,Solnice,www.solnice.cz,,False,
113600801,2,Základní škola,Dukelská 1112,Mladá Boleslav,www.5zsmb.cz,http://old.5zsmb.cz/dokumenty/SVP2015.pdf,True,https://www.5zsmb.cz/
851761,2,Základní škola,Šafaříkova 726/9,Valašské Meziříčí,www.zssafarikova.cz,,False,https://www.zssafarikova.cz/
102317321,2,Základní škola,Na Krétě 354,Terezín,www.zsterezin.cz,https://www.zsterezin.cz/files/zs-terezin-svp-zs-terezin-2019-423.pdf,True,https://www.zsterezin.cz/obsahy-predmetu-svp/
102768463,2,Základní škola,č.p. 200,Horní Lideč,www.zshl.cz,,False,https://www.zshl.cz/
102386404,2,Základní škola,Školní 300,Poříčany,www.zsporicany.cz,,False,https://www.zsporicany.cz/modules/file_storage/download.php?file=7128f801%7C10
108011224,2,Základní škola,Větrná 1063,Uherské Hradiště,zsvetrna.cz,,False,https://zsvetrna.cz/
102007586,2,Základní škola,Brněnská 32,Kunštát,www.zskunstat.cz,,False,
102807396,2,Základní škola,Tyršova 218/4,Ivanovice na Hané,zsivanovicenahane.edupage.org,,False,
102319227,2,Základní škola,č.p. 150,Mysločovice,www.zsmysl.cz,https://www.zsmysl.cz/wp-content/uploads/2020/09/%C5%A0VP-2020-21-Z%C5%A0.pdf,True,https://www.zsmysl.cz/wp-content/uploads/2020/09/%C5%A0VP-2020-21-Z%C5%A0.pdf
102261458,2,Základní škola,Dolákova 555/1,Praha 8 - Bohnice,www.donbosco.cz,https://www.donbosco.cz/wp-content/uploads/2023/06/SVP-1.9.-2023.pdf,True,https://www.donbosco.cz/
108024491,2,Základní škola,Hradská 894,Humpolec,www.zshradska.cz,,False,
102102872,2,Základní škola,Amálská 2511,Kladno,www.zskladno-amalska.cz,,False,https://www.zskladno-amalska.cz/index.php/skolni-poradenske-pracoviste/strategie-skolni-uspesnosti
47611928,2,Základní škola,Na Smetance 505/1,Praha 2 - Vinohrady,www.nasmetance.cz,,False,https://www.nasmetance.cz/
45832188,2,Základní škola,Karoliny Světlé 386,Sadská,zs-sadska.cz,,False,https://zs-sadska.cz/dokumenty/
48663638,2,Základní škola,Kmochova 943,Kolín,2zskolin.cz,,False,https://2zskolin.cz/
107720388,2,Základní škola,Karla Čapka 800,Hluboká nad Vltavou,www.zs-hluboka.cz,,False,http://www.zs-hluboka.cz/
107722101,2,Základní škola,Vodňanská 287,Prachatice,vodnanka.cz,,False,https://vodnanka.cz/wp-content/uploads/2021/08/SVP-01-21.pdf
49328271,2,Základní škola,náměstí Míru 38/73,Svitavy,www.zsmiru.svitavy.cz,http://www.zsmiru.svitavy.cz/shared/clanky/3030/svp.pdf,True,
102004404,2,Základní škola,Komenského 196,Staňkov,www.zsstankov.cz,,False,https://www.zsstankov.cz/skola/dokumenty/vzdelavaci-program/
102718377,2,Základní škola,Žižkova 866,Hořice,nadaliborce.cz,,False,https://www.nadaliborce.cz/sites/default/files/soubory/%C5%A0VP%20M%C5%A0%20-%20od%20z%C3%A1%C5%99%C3%AD%202019_1.pdf
102177341,2,Základní škola,Komenského 964,Smržovka,www.zssmrzovka.cz,,False,https://www.zssmrzovka.cz/
102264970,2,Základní škola,Masarykovo náměstí 54,Starý Plzenec,zsstaryplzenec.cz,,False,https://www.zsstaryplzenec.cz/modules/file_storage/download.php?file=016c2955%7C115
102006628,2,Základní škola,Mírová 253,Golčův Jeníkov,www.skolagj.cz,https://www.skolagj.cz/wp-content/uploads/2021/12/Nase-skola-2019-uprava-Alena.pdf,True,https://www.skolagj.cz/
49466615,2,Základní škola,Janouškova 577/2,Brno,zsjanouskova.cz,,False,https://zsjanouskova.cz/
47514213,2,Základní škola,Sídliště 321,Žebrák,www.skolazebrak.cz,,False,
102078173,2,Základní škola,Školská 279,Předměřice nad Labem,zs.pnl.cz,,False,https://zs.pnl.cz/SVP/CharakteristikaSVP.html
61389820,2,Základní škola,Korunovační 164/8,Praha 7 - Bubeneč,www.korunka.org,,False,https://www.korunka.org/skola/inovativni-trida/
102443866,2,Základní škola,Masarykova 141,Telč,www.zstelc.eu,,False,
102718881,2,Základní škola,V Domcích 488,Trutnov,www.zsdomky.cz,,False,http://www.zsdomky.cz/
60076909,2,Základní škola,Žižkova 285,Týn nad Vltavou,www.zstynms.cz,https://www.zstynms.cz/files/161/dokumenty-2018-2019/vp-15.pdf,True,https://www.zstynms.cz/files/161/dokumenty-2018-2019/vp-15.pdf
102254907,2,Základní škola,Kostelní náměstí 244,Broumov,www.zshrbroumov.cz,,False,https://www.zshrbroumov.cz/vyhledavani
102008582,2,Základní škola,Smetanův okruh 24/4,Krnov,www.zs2krnov.cz,,False,https://www.zs2krnov.cz/
102428158,2,Základní škola,Dukelská 1122/53,Kraslice,zs2kraslice.cz,,False,https://zs2kraslice.cz/
60114088,2,Základní škola,Husova 170,Jičín,2zsjc.cz,,False,https://2zsjc.cz/
102465304,2,Základní škola,Na Stínadlech 2386,Teplice,www.zsnastinadlech.cz,,False,https://www.zsnastinadlech.cz/o-skole/
181103338,2,Základní škola,Pod Žvahovem 463/21b,Praha 5 - Hlubočepy,www.zspodzvahovem.cz,,False,https://www.zspodzvahovem.cz/
60275839,2,Základní škola,Petra Bezruče 2000,Žatec,www.1zszatec.cz,,False,https://www.1zszatec.cz/
60154691,2,Základní škola,Máchova 884,Dvůr Králové nad Labem,www.zspodhart.cz,,False,https://www.zspodhart.cz/
102088527,2,Základní škola,Moskevská 1117/25,Karlovy Vary,www.zsdukla.cz,https://www.zsdukla.cz/wp-content/uploads/2015/09/%C5%A0VP-ZV-START-platn%C3%BD-od-1.9.2022.pdf,True,https://www.zsdukla.cz/
102428018,2,Základní škola,Školní 697,Chodov,zs2chodov.cz,https://www.zschodov-nejdecka.cz/wp-content/uploads/2023/01/SVP_II_dil.pdf,True,https://zs2chodov.cz/
102005702,2,Základní škola,Jižní 1903,Česká Lípa,zsmsjizni.cz,,False,
102718491,2,Základní škola,Školní 1000,Nové Město nad Metují,zsmaleci.cz,,False,
2506815,2,Základní škola,č.p. 342,Dolní Újezd,www.zsdu.cz,,False,https://www.zsdu.cz/clanek/kontakty/12
102465371,2,Základní škola,Sídliště Za Chlumem 824,Bílina,www.zschlum.cz,,False,https://www.zschlum.cz/informace/dokumenty/dokumenty-skoly
48805475,2,Základní škola,Marie Pujmanové 1151/17,Havířov,www.zsph.cz,,False,https://www.zsph.cz/zakladni-skola/uredni-deska/skolni-vzdelavaci-program.php
48004472,2,Základní škola,tř. Družby 1383/1,Karviná,zsdruzby.cz,https://zsdruzby.cz/obr/fileman/svp-2017-zs-dr-468-2017.pdf,True,https://zsdruzby.cz/
47610425,2,Základní škola,Vratislavova 64/13,Praha 2 - Vyšehrad,www.vratislavova.cz,,False,https://www.vratislavova.cz/text/?text=text/text5&subpage=6
102244154,2,Základní škola,Vřesinská 22,Klimkovice,www.zsklimkovice.cz,,False,https://www.zsklimkovice.cz/
102432295,2,Základní škola,Cihelní 1417/8,Hlučín,www.zsrovniny.cz,,False,https://www.zsrovniny.cz/cs/
102241023,2,Základní škola,Proboštská 38/6,Liberec,www.zs-barvirska.cz,,False,https://www.zs-barvirska.cz/
102317143,2,Základní škola,Boženy Němcové 873/2,Litoměřice,skolabn.edupage.org,,False,https://skolabn.edupage.org/a/ke-stazeni
49367609,2,Základní škola,Modřanská 1375/10a,Praha 4 - Modřany,www.zstgm-praha.cz,,False,https://www.zstgm-praha.cz/galerie/k24915-svp-mozolov-3-ab
102508909,2,Základní škola,Paskovská 110/46,Ostrava,www.zshrabova.cz,https://www.zshrabova.cz/wp-content/uploads/2022/08/Vyrocni-zprava-2021-2022.pdf,True,https://www.zshrabova.cz/dokumenty/skolni-vzdelavaci-program/
102680825,2,Základní škola,Severovýchod 484/26,Zábřeh,www.zssvzabreh.cz,,False,http://www.zssvzabreh.cz/
102832803,2,Základní škola,Ve Svahu 775/1a,Karviná,www.borovskeho.cz,,False,https://www.borovskeho.cz/dokumenty-skoly
102326614,2,Základní škola,Palackého 278,Bakov nad Jizerou,www.zsbakovnj.cz,,False,https://www.zsbakovnj.cz/skola/zakladni-udaje/
102642567,2,Základní škola,Komenského 11,Ústí nad Orlicí,uokome.cz,https://uokome.cz/wp-content/uploads/2021/12/Kometa-SVP-2017-dodatek.pdf,True,https://uokome.cz/skola/o-skole/
102191042,2,Základní škola,Benešova 332,Modřice,www.zsmodrice.org,,False,
102731829,2,Základní škola,Štefánikova 460,Bojkovice,zsstefanikova.cz,,False,http://zsstefanikova.cz/
872296,2,Základní škola,Libušina 1032/31,Karlovy Vary,jazkvary.edupage.org,https://jazkvary.edupage.org/files/SVP_ZS_jazyku_KV_2016_tisk.pdf,True,https://jazkvary.edupage.org/a/charakteristika-skoly
102040796,2,Základní škola,Májová 252/14,Cheb,www.2zscheb.cz,,False,https://www.2zscheb.cz/
102432678,2,Základní škola,Slezská 316,Slavkov,skolaslavkov.cz,,False,https://skolaslavkov.cz/cs/dokumenty
102102074,2,Základní škola,Cyrila Boudy 1188,Kladno,10zskladno.cz,,False,https://10zskladno.cz/vnitrni-rad-skolni-druziny/
102320128,2,Základní škola,Svatoplukova 65/11,Olomouc,www.zssvatoplukova.cz,,False,https://www.zssvatoplukova.cz/ms/skolka/dokumenty-ke-stazeni
102066671,2,Základní škola,Mandysova 1434/1,Hradec Králové,mandyska.cz,,False,https://mandyska.cz/34-zakladni-dokumenty
102226491,2,Základní škola,nám. Jana Žižky z Trocnova 182/52,Čáslav,www.zscaslav.cz,,False,http://www.zscaslav.cz/
48133841,2,Základní škola,Laudova 1024/10,Praha 6 - Řepy,www.zs-perina.cz,https://www.zs-perina.cz/soubor-svp-domino-5196-.pdf,True,https://www.zs-perina.cz/soubor-zemepis-6-rocnik-5102-.pdf
102931976,2,Základní škola,Tyršova 409,Bystřice nad Pernštejnem,www.zstgmbystrice.cz,https://old.zstgmbystrice.cz/user_files/SVP_ZS_TGM_29.8.2013.pdf,True,
102229848,2,Základní škola,Švermova 403/40,Liberec,www.zssvermova.cz,,False,https://www.zssvermova.cz/
241831,2,Základní škola,U Školy 208,Vrané nad Vltavou,www.zsvrane.cz,,False,https://www.zsvrane.cz/vzdelavaci-program/
103019308,3,Základní škola,Klášterní 3301/2,Znojmo,www.evokace.cz,,False,https://www.evokace.cz/upload/vyrocni_zpravy_zs/Vyrocni_zprava_ZS_2021-22.pdf
108053849,3,Základní škola,Mírové nám. 1466,Písek,www.zsebenese.cz,,False,https://www.zsebenese.cz/pro-rodice/skolni-druzina/
48342165,3,Základní škola,Táborová 428,Holýšov,www.zsholysov.cz,,False,https://www.zsholysov.cz/skolni-druzina/informace/
102319588,3,Základní škola,Havlíčkovo nábřeží 2567,Zlín,zskom2.cz,,False,
60780843,3,Základní škola,8. května 67,Velká Bystřice,www.mzs-vb.cz,,False,
49777521,3,Základní škola,Západní 1597/18,Plzeň,zs1.plzen.eu,,False,https://zs1.plzen.eu/
102577781,3,Základní škola,Aloisina výšina 642/51,Liberec,www.zs-aloisinavysina.cz,,False,
102008248,3,Základní škola,Jesenická 1284/10,Bruntál,www.1zsbr.cz,,False,https://www.1zsbr.cz/course/skolni-vzdelavaci-program/
102855901,3,Základní škola,Pražská 2808/98,Znojmo,www.zsprazska.cz,,False,https://www.zsprazska.cz/zakladni-skola/druhy-stupen
102454035,3,Základní škola,28. října 18,Turnov,www.2zs-turnov.cz,,False,https://www.2zs-turnov.cz/
48510921,3,Základní škola,Gajdošova 1282/3,Brno,www.zsgajdosova.cz,,False,https://www.zsgajdosova.cz/
581631,3,Základní škola,Matice školské 62/3,České Budějovice,www.zsmatice.cz,,False,
181115115,3,Základní škola,Míšovická 513/12,Praha 5 - Zličín,zsamszlicin.edupage.org,,False,https://zsamszlicin.edupage.org/a/dokumenty-3
114001871,3,Základní škola,28. října 1,Příbram,zs28rijna.cz,,False,https://zs28rijna.cz/wp-content/uploads/2023/10/vz-2022-2023.pdf
47611880,3,Základní škola,Gutova 1987/39,Praha 10 - Strašnice,www.zsgutova.cz,,False,
102007489,3,Základní škola,náměstí 9. května 953/8,Boskovice,zs.boskovice.cz,http://zs.boskovice.cz/dok_skoly/SVP_2023_2024.pdf,True,http://zs.boskovice.cz/dok_skoly/SVP_2023_2024.pdf
102101132,3,Základní škola,Meteorologická 181/2,Praha 4 - Libuš,www.zsmeteo.cz,https://www.zsmeteo.cz/files/posts/1324/files/svp_final_290622.pdf,True,https://www.zsmeteo.cz/
48132306,3,Základní škola,Jírovcovo náměstí 1782/1,Praha 4 - Chodov,www.campanus.cz,,False,https://www.campanus.cz/o-skole/dokumenty/
102142408,3,Základní škola,U Stadionu 756,Chrudim,zsustadionuchrudim.cz,https://zsustadionuchrudim.cz/wp-content/uploads/2021/09/svp-uvodnik.pdf,True,https://zsustadionuchrudim.cz/
102807523,3,Základní škola,Purkyňova 308/39,Vyškov,www.vyskov-mesto.cz,,False,https://www.vyskov-mesto.cz/materske-skoly/os-5743
49369679,3,Základní škola,Dobratická 525,Praha 9 - Letňany,www.tupolevka.cz,,False,https://www.tupolevka.cz/
102002606,3,Základní škola,U Vorliny 1500,Vlašim,www.zsvorlina.cz,,False,https://www.zsvorlina.cz/skola/dokumenty
45211451,3,Základní škola,Křižná 167,Valašské Meziříčí,www.zskrizna.cz,,False,https://www.zskrizna.cz/ud/SVP-skolni-klub.pdf
48133761,3,Základní škola,Pod Marjánkou 1900/2,Praha 6 - Břevnov,www.zspodmarjankou.cz,https://www.zspodmarjankou.cz/images/dokumenty/2019_20/SVP-Globetrotter_190901.pdf,True,https://www.zspodmarjankou.cz/index.php/o-skole/dokumenty
102102856,3,Základní škola,Moskevská 2929,Kladno,www.5zskladno.cz,,False,https://www.5zskladno.cz/zakladni-skola/
102129371,3,Základní škola,Březenecká 4679,Chomutov,zsbrezenecka.cz,,False,http://zsbrezenecka.cz/
102073368,3,Základní škola,Chelčického 2614/43,Praha 3 - Žižkov,www.zschelcickeho.cz,,False,https://www.zschelcickeho.cz/zakladni-skola/o-skole/
102319383,3,Základní škola,Školní 856,Valašské Klobouky,www.zsvk.eu,,False,http://www.zsvk.eu/
60159022,3,Základní škola,npor. Eliáše 344,Pardubice,www.zspol3.cz,,False,https://www.zspol3.cz/dokumenty-skoly/
102432546,3,Základní škola,Englišova 1082/82,Opava,zsenglisova.cz,,False,https://www.zsenglisova.cz/index.php/onas/o-nas
62156888,3,Základní škola,Hudcova 81/35,Brno,www.zshudcova.cz,,False,https://www.zshudcova.cz/
114001774,3,Základní škola,Balbínova 328,Příbram,www.1zspb.cz,https://www.1zspb.cz/wp-content/uploads/2022/12/SVP-2022.pdf,True,https://www.1zspb.cz/?page_id=32
102455112,3,Základní škola,Kollárova 2713/30,Jihlava,zskol.ji.cz,,False,https://zskol.ji.cz/file.php?nid=12349&oid=9291425
48133876,3,Základní škola,Socháňova 1139/19,Praha 6 - Řepy,www.zs-perina.cz,https://www.zs-perina.cz/soubor-svp-domino-5196-.pdf,True,https://www.zs-perina.cz/stranka-poradni-sbor-62
102255261,3,Základní škola,Komenského 163/2,Hustopeče,www.zshuskom.cz,,False,https://www.zshuskom.cz/skolni-vzdelavaci-program
45242810,3,Základní škola,Bítovská 1246/1,Praha 4 - Michle,www.zsbitovska.cz,,False,https://www.zsbitovska.cz/default/stranka?url=mise-a-vize-skoly
102101256,3,Základní škola,Filosofská 1166/3,Praha 4 - Braník,www.zsfilosofska.cz,,False,https://www.zsfilosofska.cz/
102326924,3,Základní škola,17. listopadu 1325,Mladá Boleslav,www.zspastelka.cz,,False,https://www.zspastelka.cz/
102743118,3,Základní škola,Za Alejí 1072,Uherské Hradiště,www.zszaaleji.cz,https://www.zszaaleji.cz/cardfiles/card-14869/card-14888/files/41161800126a298a29e25b91297e1c12-SVP-Montessrori-cestou-Za-Aleji-2022.pdf,True,https://www.zszaaleji.cz/
241610,3,Základní škola,Školní nám. 470,Roztoky,www.zszb.cz,,False,https://www.zszb.cz/index.php?type=Post&id=878&ids=825
102301727,3,Základní škola,Albrechtická 732/1,Praha 9 - Kbely,www.skola-kbely.cz,,False,https://www.skola-kbely.cz/
102943354,3,Základní škola,Švermova 1132/4,Žďár nad Sázavou,www.4zszdar.cz,,False,https://www.4zszdar.cz/
102508968,3,Základní škola,Kosmonautů 2217/15,Ostrava,zskosmonautu.cz,,False,
102432571,3,Základní škola,Otická 722/18,Opava,www.zsoticka.opava.cz,,False,http://www.zsoticka.opava.cz/
102553998,3,Základní škola,Zahradní 5265,Chomutov,2zscv.cz,,False,
181054205,3,Základní škola,Bratří Čapků 279,Příbram,pbzsbc.cz,,False,https://pbzsbc.cz/o-skole/dokumenty/
102401535,3,Základní škola,Pošepného náměstí 2022/2,Praha 4 - Chodov,www.zsposepneho.cz,,False,https://www.zsposepneho.cz/skola
102301573,3,Základní škola,náměstí Na Balabence 800/7,Praha 9 - Libeň,www.zsbalabenka.cz,,False,https://www.zsbalabenka.cz/kontakty-1/kontaktni-informace/
102254869,3,Základní škola,Komenského 425,Náchod,www.komenskehozsnachod.cz,https://www.komenskehozsnachod.cz/wp-content/uploads/2019/10/%C5%A0VP-verze-3-OPRAVA.pdf,True,https://www.komenskehozsnachod.cz/dokumenty-skoly/
102807477,3,Základní škola,Komenského náměstí 495,Slavkov u Brna,www.zskomslavkov.cz,,False,https://www.zskomslavkov.cz/text5/
48512681,3,Základní škola,Bakalovo nábřeží 8/8,Brno,www.bakalka.cz,https://www.bakalka.cz/sites/default/files/soubory/2024/04/svp-bakalka2023-24.pdf,True,https://www.bakalka.cz/sites/default/files/soubory/2023/04/svp-bakalka-2022-23.pdf
48133604,3,Základní škola,Trávníčkova 1744/4,Praha 5 - Stodůlky,zstravnickova.cz,,False,https://zstravnickova.cz/skola/
102454086,3,Základní škola,Žižkova 518,Turnov,www.zsturnov.cz,,False,
233773,3,Základní škola,Masarykova 878/115,Rudná,zsrudna.cz,https://www.zsrudna.cz/wp-content/uploads/2023/09/0_SVP_komplet_FINAL_podpis-RS.pdf,True,https://zsrudna.cz/wp-content/uploads/2021/08/Finalni-verze-SVP-_-1.zari-2017_Dodatek_1.pdf
102438595,3,Základní škola,Bezručova 94/19,Říčany,www.2zsricany.cz,,False,https://www.2zsricany.cz/cs/dokumenty-skoly
48133485,3,Zákaldní škola,Brdičkova 1878/2,Praha 5 - Stodůlky,www.fzsbrdickova.cz,,False,https://www.fzsbrdickova.cz/
150058161,3,Základní škola,Sadová 1756,Čáslav,www.sadovka.cz,https://www.sadovka.cz/wp-content/uploads/2024/02/SVP-SADOVAK-1_9_-2023.pdf,True,https://www.sadovka.cz/index.php/dokumenty-skoly/
102002207,3,Základní škola,Jiráskova 888,Benešov,www.zsjiraskova.cz,https://www.zsjiraskova.cz/images/seda/2022_23/dokumenty/skolni-vzdelavaci-program-2022-2023.pdf,True,https://www.zsjiraskova.cz/aktualni-skolni-rok/dokumenty-formulare
102005524,3,Základní škola,nám. Míru 128,Nový Bor,www.zsnamesti.cz,,False,https://www.zsnamesti.cz/upload/files/zp-2023-2024/zapis-10-schuzky-zp.pdf
